{"cameraMode":{"drawMode":0,"name":"Shaded","section":"Shading Mode"},"sceneLighting":false,"audioPlay":false,"sceneViewState":{"showFog":true,"showMaterialUpdate":false,"showSkybox":false,"showFlares":true,"showImageEffects":true,"showParticleSystems":true},"in2DMode":false,"pivot":{"x":12.952499389648438,"y":-51.483421325683597,"z":-94.15959930419922},"rotation":{"x":-0.2780405282974243,"y":0.059326957911252978,"z":-0.0172056145966053,"w":-0.9586067795753479},"size":171.9972686767578,"orthographic":false}