{"cameraMode":{"drawMode":0,"name":"Shaded","section":"Shading Mode"},"sceneLighting":false,"audioPlay":false,"sceneViewState":{"showFog":true,"showMaterialUpdate":false,"showSkybox":false,"showFlares":true,"showImageEffects":true,"showParticleSystems":true},"in2DMode":false,"pivot":{"x":43.90071105957031,"y":85.84965515136719,"z":176.3238983154297},"rotation":{"x":-0.0708746612071991,"y":0.9032976031303406,"z":-0.1641017347574234,"w":-0.3901374042034149},"size":64.48299407958985,"orthographic":false}